Start,End,Sequence,Length,Color
38[48],41[55],GGGCTTATATAAAGAGGTAAATAAGTCCTGGTATC,35,#00c614
44[125],36[112],ACACTGACATTAAACCAACCTACAACATTTGGGCTTGAGATGAAGCTGCGGAACCG,56,#00c614
22[151],22[140],ATCTGCCAGTTT,12,#c4a5bf
29[91],43[97],TTTAAATATTTCGCACAGCTTCACGTTGCGTTAGT,35,#00c614
27[133],27[144],ATTTCAACGCAA,12,#c4a5bf
9[28],20[28],TCCTGATCCTTTTTCCAATCGTATATTT,28,#00c614
35[105],29[111],CGTAACAGTTTAATAACGAACATACATAAAGATTACAACAGGTAAAGTA,49,#00c614
46[104],35[104],CCGTACTTGTGTCGCAACTTTAAATCAA,28,#00c614
55[140],55[144],AAACG,5,#c4a5bf
27[91],15[104],AAAACATGTAATGTATTGTATAAGCAAATAATTCGTAACGGC,42,#00c614
47[105],55[111],ATTAGGATGTATCACGCCACCCACCAGTTTTTCTGAATAATAGAAAATA,49,#00c614
40[20],32[9],CAATAAATAAACAGAGAGGCTTTTGC,26,#c91b00
40[141],40[133],CATAACCGA,9,#c4a5bf
55[133],53[139],ATAAAAGACACCACTGGGAAT,21,#00c614
3[119],10[112],GTTTTTAGGCGCGTACTATGGAGTGTAGCGGCCAA,35,#00c614
44[139],49[139],ACCCATGTTCAGGGGGAACCGGTAAGCG,28,#00c614
55[91],43[104],TGTTAGCTCATATGTTCATTAAAGGTGAATGAAACAAATGAA,42,#00c614
50[48],54[42],CCGCCAGTGAACAATAATTGAAATAGCTAGCCCTT,35,#00c614
4[97],8[91],ACGTATAGCGGGCGCTAGGGCCTAAAGGGAGCCCCAAGGGCGATAGGGT,49,#00c614
11[140],11[151],CGCTTTCCAGTC,12,#c4a5bf
11[49],9[62],AAAGAAACATACGATTCACCAGTATCAAAATTCGAGACGGGC,42,#00c614
13[35],10[28],TTCGCCTTTTCAGGGAGAGCCGCTGAACCTCAAATATTGAGGTTTGGAT,49,#00c614
27[112],24[119],ACTTTTGTATTTTAATTGTAAACGTTAACAATAGG,35,#00c614
45[49],47[62],AGAACGCAGAGCCGAGACGATTGGCCTTCCTATTTTATTCTG,42,#00c614
11[133],21[139],CACTGCCACTCAATGCGGGGTGAGGGGACGTGGTG,35,#00c614
18[41],7[41],GAGACTATATCAGAGTAACATCGTATTA,28,#00c614
8[27],0[21],TTGCGGAATCATATTATACTTCAAAATTTCAGATGGAAACAACGTGGCA,49,#00c614
1[112],15[118],AAAACGCATTGGCATTCTGCCGCGCCTGGCCGGGT,35,#00c614
6[118],8[105],ACTAAATAGGGCGAAAATCAAAAGAATA,28,#00c614
26[104],4[98],TGCCTGATATGACCTGTGGTGGTCATACTGGTCATTACGCCAGACGAGC,49,#00c614
39[28],35[41],CAGTAATCGTTTTTGAAGGCTTATCCGGTTGCTATGTATAAAAACACCGATAAATA,56,#00c614
49[91],47[104],AAAGCCAGAATGGAGCCTTGAGAGAAGG,28,#00c614
48[132],54[126],ACTGGTACGTTCCACCTCCCTTTTTCATACCATTAAGCCATTGGAATAA,49,#00c614
8[48],0[42],AGTTTGATGATGGCTATAATCCAGAAATCGTAGATGATTGCTTGACCTG,49,#00c614
15[28],17[41],AAACAGTGAATCGTGGGGTAATAGTAAAATTCAGGGAAGAGT,42,#00c614
16[104],7[104],GGTCACTATGAGTGGGAGAGGCGGTTTGCCTGAGAGAGTTGCGCCCGAGAAAAACC,56,#00c614
15[119],6[119],TACCTGCGCGCGGTAATTGCGAATGAATCGGTCACGTAAAGC,42,#00c614
35[42],37[48],AGGCGTTAAGACCTTGGCTATAAGAATAGCCAACG,35,#00c614
41[7],43[13],GCTAATGTGTAGAAAATCGGC,21,#c91b00
13[140],13[151],CGTCCGTGAGCC,12,#c4a5bf
2[148],2[140],AAGAGTCTG,9,#c4a5bf
49[105],54[105],AAGCGCATCAGAACCCCTTATGTCACCAATTATCAAATCAAT,42,#00c614
16[83],6[77],GGTAATGGTGTAAAGGCGCCAAGAAAGCGAGCTTG,35,#00c614
20[91],24[84],AGCAGTTGACAGCGCTTTCCGGGAACAAACCTTCCT,36,#00c614
24[48],14[35],CGTCCAAAATCATAAAATCACCATCAATAATTAGCAACAAAC,42,#00c614
5[140],5[148],CCACACCCG,9,#c4a5bf
51[49],46[56],AGTCACCTTTAGCGCACCACCGAGGCGTGAAGCCT,35,#00c614
39[77],35[83],CAGAGGCCATCTTTGACCCCCCGGAGATTTGTATCGAACGGTAGAACCG,49,#00c614
27[70],15[83],AAAGCTAAAAAGGGAAAAGCCCCAAAAAGTAGCCACTGGTGT,42,#00c614
53[140],53[151],TAGAGCCAGCAA,12,#c4a5bf
7[21],1[27],ACAATTCCAATAGAGAAAGGAATCAAACAACAGTGAGAAGATTAGTCTT,49,#00c614
44[41],36[28],AGCAAGCAAGAGAAATTGAGAAAGGGGGCAGGGTTTTCCCAGCCGTGTGGAATCAT,56,#00c614
21[140],21[151],AAGGGATAGCTC,12,#c4a5bf
27[28],15[41],GGCAAAGATGATATAAAACTAGCATGTCTACTGCGACATAAA,42,#00c614
44[148],44[140],CCAATAGGA,9,#c4a5bf
20[27],26[21],TAGTTAAAGCTTTCACTGTTGGCCAGAGCATAAATTAATCGTTCAACCG,49,#00c614
1[28],14[28],TAATGCGAAGAATATAACGGAATCAAGA,28,#00c614
39[133],39[141],AATACGTAA,9,#c4a5bf
6[148],6[140],AAGTTTTTT,9,#c4a5bf
23[98],20[92],TTGACCGGCACTCCCGCAACCGGACTTGTAGAACGAAGTTAAGCCGCC,48,#00c614
33[9],48[7],CTCTTAACATGTATCATATATCCTGACGCTAACACGATTT,40,#00d2d9
9[63],0[56],AACAGCTTTTTCTTGCCGGAAGCTCACAACAAAATCCAACAGAGATAGA,49,#00c614
42[139],51[139],ATAGAAATTTCAACCACCATTAATCAAA,28,#00c614
7[84],1[90],AACGTCACGATTTAGAAAGGAACGTGCTTTAGACAACATCACAATATTA,49,#00c614
8[90],12[77],TGAGTGTGCCTGGCCGTATTGGCCTGGGTCCTGTGTGAAATT,42,#00c614
31[9],44[7],TGCTTCAACATGTAGGCAGAATCATT,26,#00d2d9
14[148],14[140],GCATCAGAC,9,#c4a5bf
39[112],35[125],AAGTTTCGTTTCGTCTCAGAGCCACCACTAGCCCGCTCCATGTCATAAGTCATTCA,56,#00c614
40[97],50[91],GCCGCTTACTAAAGACAACGCGCCACCCCTCAGAG,35,#00c614
20[111],26[105],ATTTCTGCCGGAATGAAGATCTAATGGGTCAAAAATATTTAAAATGCAA,49,#00c614
18[148],18[140],CTGGCAGCC,9,#c4a5bf
47[42],49[48],GTTACAAAACCTATCGGAATAAACAGCCGCAGGTC,35,#00c614
7[126],1[132],CTACGTGAGGTGCCGCTGCGCGCTACAGTAATCAGCGCAAATAATACCT,49,#00c614
19[63],27[69],CACAGGCCAGCAGCATGCCAAGTTTCTTAAACATCCAATTACAGAGCAT,49,#00c614
29[112],51[118],CGGTGTCTTTAGTTCGCCGACAATTGCGTATGGGACGGAAACTAGCGTT,49,#00c614
31[98],38[91],CATCAAAACGCCAAAAGGAATATCTACGTACACTA,35,#00c614
53[14],55[27],TAATAAGCCCACAATGTCTTTCCTTATCCTAATTTACCGAGG,42,#c91b00
28[20],30[9],TAATAGTAGGGTAGGCAAACAAGAGA,26,#c91b00
25[84],27[90],CAGGAAGGTAGGTAAAGATTCAATCGGTTGTACCA,35,#00c614
3[140],3[148],ACCGAGTAA,9,#c4a5bf
29[133],29[144],CATATAACAGTT,12,#c4a5bf
55[56],40[49],GAACTGGGAGCCTTGGTTTATAGACAGCATACAAA,35,#00c614
43[49],44[49],CCAAGTACCCGTAAGTTAGGCACTCATC,28,#00c614
28[83],39[76],CAATAACGTAGCTCAATTGCTCCTTTTGCTATTATCCCTCAGACGGCTA,49,#00c614
52[97],45[104],CATCGATTTTCGGTCATAGCCCGCCACCTCAGAAC,35,#00c614
0[104],12[91],CAGTCACCCATTGCTTTGATTAGTAATAGGAACGGAGCTGTT,42,#00c614
23[77],19[83],TCCGTGGCACCGCTTCTGGTGAATCGGCGAAACGTGGCGGTTAGTGATG,49,#00c614
35[21],29[27],ATACCGATCACGACACGCCAGAATAGCGTTCAGAAGTCTGGACTATTTT,49,#00c614
1[49],2[49],TAAAACATCTCGGCAACTAGCCATTAAA,28,#00c614
20[151],20[140],TCACGGAAAAAG,12,#c4a5bf
20[132],26[126],GAAACAGCTTTCTCCGACGACTGTAGATTTTTAACTATTTTGTTAGAAC,49,#00c614
36[141],36[133],AGGCGCAGA,9,#c4a5bf
43[140],43[148],AGTTTCAGC,9,#c4a5bf
0[55],15[62],ACCCTTCTTGAATAAAAGAAGATGTGAGTGGTCAT,35,#00c614
46[139],48[133],GGTTGATCCAGGCGGGAGTGT,21,#00c614
32[48],33[62],CCAGACGTAAATCAAAAATCAGGTCTTTATAACCCTCGTTTAGCAAGGCGACTCAT,56,#00c614
23[9],17[20],AAAAGAAGTTTTGGAAGGGTAGCTTA,26,#c91b00
34[20],36[7],GTTGTAAAACGA??TTTAATGGCCTGTT,28,#c91b00
16[20],7[13],TTTTCCCACCATATCTGAATAAACAGTTTAATACATTTGAGGATTAGAC,49,#c91b00
7[140],7[148],ACCCAAATC,9,#c4a5bf
46[148],46[140],CGTCGAGAG,9,#c4a5bf
47[63],55[69],AAACATGAGGTTTTTTTAGCGCCTCATACGATCTACCAAAAGCATGATT,49,#00c614
49[140],49[151],TCATACATGGCT,12,#c4a5bf
26[144],26[133],GGATAAAAATTT,12,#c4a5bf
42[55],55[55],TAATTAACAAGAAACGGAATACCCAAAA,28,#00c614
6[76],7[69],ACGGGGAAGAACGTGTTTGGAACAAGAGTCATTAAACGTTCACTATTAA,49,#00c614
9[133],20[133],GCAGGCGTCCGGCCTTTTTTCAGACGCA,28,#00c614
44[20],33[20],TCGTAGGAGGCATTCAACGCCCGCTATT,28,#00c614
18[20],7[20],GGCTTAGAATTATCACAAAGATTTACAA,28,#00c614
6[69],1[69],AAGCCGGGAGAAAGCAGAGCGAGGAGGCGAACTCACTTGCTG,42,#00c614
28[144],28[133],GATTCCCAATTC,12,#c4a5bf
54[41],32[35],TTTAAGAATAATAAAATAATACAATAGAGTAATTCATGACCAACGATAA,49,#00c614
19[84],14[77],AAGGGTATCAGCGTGTGGTGCTGCGGCTGTTCAGCCAGAATGCGAATTA,49,#00c614
9[105],0[105],AGCAAGCCGCGCGGAGCTAACGTAATCACGGGGGTGATTCAC,42,#00c614
34[62],33[48],ACTGGTTAAGTTGGGTAACGCATGTGCT,28,#00c614
47[21],44[21],TTTCCAGCCAGCTAAGATATAATTTTCA,28,#00c614
48[69],54[63],CCCCCTGGATATTCCCAGAACTCAGACTGACAGAAGAGGGAAAAGGGCG,49,#00c614
55[28],43[41],AAACGCAAAAGTAAAACAATGAAATAGCGCGCTAAGAACGGG,42,#00c614
6[62],8[49],CGAACGAGCACTAATGCCCGATTTTAAA,28,#00c614
7[42],1[48],AATCCTTCAACTAATCTAAAATCACCTTAGCAGCAAATACCGATAGCCC,49,#00c614
9[140],9[151],AAAATCCTGTTT,12,#c4a5bf
16[41],8[28],TAAATCGCGTAAAACTGATTGAAGGTTATAGATTAGAGCCGTGACAACTTATCATT,56,#00c614
36[132],28[126],CGGTCAATTACTTAGAAGGCACGGGTAATATATTCACAACCATGCGAAC,49,#00c614
40[125],38[112],GGTCGCTGCCCGAATTCAACTAATGCAGTAACGGAAAAACGA,42,#00c614
51[14],45[20],ATTAGACGAATAACGCAAATC,21,#00c614
13[7],24[9],CTTTTACACATTTATTGAATTGAATC,26,#c91b00
28[104],31[97],TAGATACATGCAACTCAGGATTAGAGAGCGGATTG,35,#00c614
17[119],7[125],GGTGTCCATCCTCAGCTGGTTCCCTTATTGGCCCA,35,#00c614
11[28],19[41],ATTTGCATCGCTATACGCTGACTGCGCAAGAGGTGGAGCCGCTTTCAAACAAGACA,56,#00c614
25[133],25[151],TTAAAATTCGCATTAAATT,19,#c4a5bf
47[84],55[90],CTGAGACTTTAGTACAGAACCCTGTAGCTTCCAGAAAAATCTCGCAGTA,49,#00c614
12[151],12[140],TCCTCACAGTTG,12,#c4a5bf
51[35],47[41],AACACCCCATTGACAGCCTTTAGCAGGAGGTTGAGATATTATTTTGCCA,49,#00c614
54[104],40[98],AGAAAATAAACGTAATTTTTTGATACCGGTTAAAG,35,#00c614
36[27],28[21],AATTACTACAAATTTATTTAATTCGAGCACGACGACGCCTGTATTCTAC,49,#00c614
28[76],51[76],CTGTTTACTTTCGAAAAGGCTAAGTTTTCAGTAGCGTAGCGC,42,#00c614
45[7],47[20],ATAGCAAATAAAAATTTAACGTCAAAAAATAAGAAGAGCGTC,42,#c91b00
41[133],41[141],TCGCCCACG,9,#c4a5bf
34[76],35[62],ATGCGATCTTGACAGTACAGACCAGGCGCATAGGCTCATCAA,42,#00c614
38[69],30[56],AGCGATTGGTAGCACAGCGAACAGCTTGGCTATATTTTCATTTTAATTGGTCATTT,56,#00c614
46[55],43[48],TAAATCAAGATTAGTATTCTAGAGAACATATTAAA,35,#00c614
7[105],1[111],GTCTATCCGGAACCGCTGGCATTGCTTTGAATCCTATACTTCAACAGGA,49,#00c614
54[20],41[20],GCCGAACGAAGGAAACGAGCACAGAACG,28,#c91b00
2[139],12[133],TCCATCATGAGGCCAGGATCC,21,#00c614
22[55],19[62],AAGCGCCACGGATAACCTCACAAAAAAAAAAGCCG,35,#00c614
0[41],12[28],AAAGCGTCGAACTGAACGAACCACCAGCCCACGCTTTTAACG,42,#00c614
26[125],12[119],CCTCATACGGGAGATCACTGCAGCACGCCCGAGCT,35,#00c614
9[7],20[9],GGAGCGGGTTGGGTTATGTAATTCTG,26,#c91b00
4[148],4[140],CCGCGCTTA,9,#c4a5bf
32[34],37[34],AAACCAACTGGCGAATCGCCACTTACCA,28,#00c614
16[148],16[140],CGCTTTCGC,9,#c4a5bf
37[112],48[105],CGACCTGGAATAGGTTAGCGGTTAACGGGGTCAGT,35,#00c614
31[133],31[148],AAATATCGCGTTTTAA,16,#c4a5bf
51[119],47[125],TGCCATCCAGAGCCGCCACCCGTCTCTGAATTTACATAAGTTGGTTTTG,49,#00c614
20[76],34[63],GTGTACA??????????????????????????????????????????????????????????????GAGTAATTTTAAGA,83,#1323cb
25[9],15[20],ATCGATGAACGGATTCATTACCTTTT,26,#c91b00
26[62],12[49],GGCCGGAAAGCCTCCTGAGCACCAAGTTATTCCACACAATTG,42,#00c614
17[140],17[148],CATTGCAGG,9,#c4a5bf
54[83],32[77],AGCGCCACTTATTACCAAAAAGGTGAATATCGTCAAGTCAGACATAGTA,49,#00c614
22[118],19[125],GCCTCAGTTGTGAGAGATAGACGGATCAGCAAACG,35,#00c614
24[118],22[119],AACGCCAATAGGTCACGTTGGAGTATCG,28,#00c614
30[148],30[133],TTCGAGCTTCAAAGCG,16,#c4a5bf
34[148],34[133],GAAACACCAGAACGAG,16,#c4a5bf
29[28],51[34],TGAGAGAGGCATCATTATCAATCCCATCATTCCAATATCAGATTAACTG,49,#00c614
35[84],29[90],GATATTCTTGTGAAAAGAAAATACGAGGAGCAAAGTACCTTTAACATGT,49,#00c614
10[151],10[140],GGGAAACCTGTC,12,#c4a5bf
26[55],22[56],GACAGTCTGTACCCCGGTTGATAAATGTGAGATAGGACTGGCGAGTAACCCAGGCA,56,#00c614
0[20],3[13],CAGACAATGGCTATAAAACAGAGGTGAGTTAACAC,35,#c91b00
19[126],27[132],CGGTCCGAGAGCACAGCATCACCGCCGGAGCCAGCCGCAGTGAGCCTTT,49,#00c614
44[76],48[70],AGACAGCAACCTCCCGACCCTCCGCCACTTGCGGGAAAGTATGTTAATG,49,#00c614
51[140],51[151],ATCACCGGAACC,12,#c4a5bf
24[151],24[140],TTTGTTAAATCA,12,#c4a5bf
47[126],55[132],CTCAGTAATAAGTACCTCATTTACCGTAAAACAACGGAACAAGCAACAT,49,#00c614
28[41],40[28],AAAAGGTTCTACAAGTCATTGCCTGAGAAACGAGATGTCCAG,42,#00c614
37[133],37[141],GCCGGAACG,9,#c4a5bf
54[62],52[49],ACATTCAACACCGAATCTTCGATTGAGGTCAAGTTTGGAGGG,42,#00c614
4[139],10[133],ATGCGCCGTAACCAGTGCCAG,21,#00c614
39[49],37[69],TACCGCGGAACGAGATACCAAGCCAGTACTCAAGCGAAACAAAGTACAA,49,#00c614
45[140],45[148],ATAGCAAGC,9,#c4a5bf
2[83],5[76],TTGCCTGAGTAGAACGATTAAAGGGATTTTCCTCGTTAGAATGAAGGGA,49,#00c614
11[91],19[104],GTGCCTAGTTGCCCCATCCCAAGCCAGCCATGTTTACCAGTCCTCATTTACGATGC,56,#00c614
35[126],29[132],GTGAATATAGTAAATATTACATACCACAAGACTTCAACCAGATTCATTC,49,#00c614
51[77],47[83],GTTTTCACCTCAGAGCCGCCAACAAACAAATAAATATAAACATAAGAGG,49,#00c614
16[62],18[49],TGCTCAATAACCTTGAATTTATCCAAGAAACCGAAAATCATA,42,#00c614
32[76],34[77],AGAGCAAGTCAGGACGTTGGGTTACCTT,28,#00c614
15[140],15[148],GTGCCCCCT,9,#c4a5bf
48[151],48[140],TTTGATGATACA,12,#c4a5bf
48[90],54[84],TGCCCGTCCTCATTCCACCACTCGGCATAGCAGCAGAAATTAGTTTACC,49,#00c614
50[151],50[140],AGAGCCACCACC,12,#c4a5bf
21[9],19[20],CGGCCAGTGCCATTTCATCATGCTGA,26,#c91b00
36[111],28[105],AACTGACAAATCCGAAGAGGCCATGAGGGCAGGGAATAGTTGTGACCAT,49,#00c614
23[140],23[151],TCGTAACCGTGC,12,#c4a5bf
54[125],41[125],GTTTATTAAAGGTGCTAAAGGAATGACA,28,#00c614
12[20],5[13],AATATACCGCCTGCCCTCAATCAATATCGCAAATC,35,#c91b00
33[133],33[148],GGTAGAAAGATTCATC,16,#c4a5bf
55[70],44[77],AAGACTCAAGACAAGGTAAATATTGACGCCGTAATGTCGTCTATTCCAC,49,#00c614
1[70],23[76],GTAATATATTCTGGCGCGCAGTTCATTTCCTTACAGCTTTCACGGATTC,49,#00c614
25[63],29[76],TAATCAGTGAGAAA??????????????????????????????????????????????????????????????TAATGCT,83,#15cdc6
0[144],0[133],TCAATCGTCTGA,12,#c4a5bf
12[76],17[76],GTTATCCGCATAAAGGTAAAGCGGCAGC,28,#00c614
20[69],24[63],TCGACATCGGAAACCCGGAAAAACCCGTTCAACAT,35,#00c614
6[139],8[133],GGGGTCGAACCATCGAAATCG,21,#00c614
36[90],28[84],GACAGATATCGCCTAAACACTTTTGAGGTTGCGGGTTCTTAAAAATGGT,49,#00c614
26[20],13[20],TTCTAGCAATCATAATTAATTATCGGGA,28,#c91b00
35[133],35[148],AGGCTTGCCCTGACGA,16,#c4a5bf
46[20],35[20],CAATTTTGCGTTATAGAAAAAGTTTGAA,28,#00c614
49[21],54[21],TGAAAATACAGAGAGGGAGAAGAGATAAAGCAAGAGCAGATA,42,#00c614
12[118],17[118],CGAATTCTCACATTTGCGGTAGGCTGGA,28,#00c614
17[77],7[83],ACCGTCGGGTGCTGCTTCACCTGTTCCAGGACTCC,35,#00c614
33[63],29[69],TATACCACACTATCACCCTGAATAAGAGCTGAATA,35,#00c614
47[140],47[148],GATAAGTGC,9,#c4a5bf
52[151],52[140],AATCACCAGTAG,12,#c4a5bf
44[104],36[91],ACAAACTACTTTTTAAAAGAATTAATAATTCAACTTTAATCAATTACCCGAAAGAG,56,#00c614
3[49],5[62],AATGAAAAATAAACGGAGCTCTAAAGCATATCTTTAGGTGGC,42,#00c614
9[112],20[112],GGTCCACTAACGGACGTTCCGAACTTAA,28,#00c614
19[105],27[111],TGATTGCACGTGCCAGCTTACTGAGCCGATCAGATTGCACTCCTGTAAT,49,#00c614
19[140],19[148],GTCTCGTCG,9,#c4a5bf
1[91],23[97],CCGCCAGACGACCATTTCACGCTGCGGCAAATCGTCGTCTGGCGGCGGA,49,#00c614
11[7],22[9],AGAACCTTTAGAATATAGCGACGATC,26,#c91b00
0[125],3[118],TATTTACTCATGGATAACCGTTGTAGCAGAGAAGT,35,#00c614
19[42],23[48],AAGAACGCGTAAAATCCCGAGAAAACTTCACGGGAATTCGCCATGTTTA,49,#00c614
8[151],8[140],GATGGTGGTTCC,12,#c4a5bf
54[144],54[140],CAAAG,5,#c4a5bf
13[77],1[83],AGGCGGCGGGCCGTGTAATAAAAGGGACCCAGAAC,35,#00c614
18[48],27[55],GGTCTGACAATAGTGCTTCTGTCAATATATGATGAAAAATTAAGCAATA,49,#00c614
46[34],48[21],TTTGCACAGCCTAATTATCCCAATCCAA,28,#00c614
30[55],28[42],TTGCGGATGATCAGAGGCTGCTTAGAGCTGGGGCGCGAGCTG,42,#00c614
28[125],40[112],GAGTAGATGGAAGTCCGGAAGCAAACTCAGAGGAAGAGGCTT,42,#00c614
55[112],43[125],CATACATTTGTCACCCGTCACCGACTTGGCAAGGCTTTTGCT,42,#00c614
1[133],1[144],ACATTTTGACGC,12,#c4a5bf
38[141],38[133],TGCCACTAC,9,#c4a5bf
8[132],0[126],GCAAAATTGCCCCACTGCATTTTGCGCTCCGGGTAGTGCCTGAATGGAT,49,#00c614
32[148],32[133],AGTTGAGATTTAGGAA,16,#c4a5bf
10[76],19[76],GGGTGGTGATTGCCGTCTGGTGGCCTTT,28,#00c614
37[91],48[91],GATAAATCAGGAGGTCCTCAAGTAACAG,28,#00c614
13[133],23[139],TTCTTCGGATCCAGGGTGCCGGCTCATTGGGCGCA,35,#00c614
19[21],27[27],TGCAAATAACCTCCGATTAAGTAATTAATTAATGGAAACAAACAGGCAA,49,#00c614
42[148],42[140],GGAGTGAGA,9,#c4a5bf
